-- MySQL dump 10.13  Distrib 8.0.46, for Win64 (x86_64)
--
-- Host: localhost    Database: language_learning
-- ------------------------------------------------------
-- Server version	8.0.46

/*!40101 SET @OLD_CHARACTER_SET_CLIENT=@@CHARACTER_SET_CLIENT */;
/*!40101 SET @OLD_CHARACTER_SET_RESULTS=@@CHARACTER_SET_RESULTS */;
/*!40101 SET @OLD_COLLATION_CONNECTION=@@COLLATION_CONNECTION */;
/*!50503 SET NAMES utf8mb4 */;
/*!40103 SET @OLD_TIME_ZONE=@@TIME_ZONE */;
/*!40103 SET TIME_ZONE='+00:00' */;
/*!40014 SET @OLD_UNIQUE_CHECKS=@@UNIQUE_CHECKS, UNIQUE_CHECKS=0 */;
/*!40014 SET @OLD_FOREIGN_KEY_CHECKS=@@FOREIGN_KEY_CHECKS, FOREIGN_KEY_CHECKS=0 */;
/*!40101 SET @OLD_SQL_MODE=@@SQL_MODE, SQL_MODE='NO_AUTO_VALUE_ON_ZERO' */;
/*!40111 SET @OLD_SQL_NOTES=@@SQL_NOTES, SQL_NOTES=0 */;

--
-- Current Database: `language_learning`
--

CREATE DATABASE /*!32312 IF NOT EXISTS*/ `language_learning` /*!40100 DEFAULT CHARACTER SET utf8mb4 COLLATE utf8mb4_unicode_ci */ /*!80016 DEFAULT ENCRYPTION='N' */;

USE `language_learning`;

--
-- Table structure for table `annotations`
--

DROP TABLE IF EXISTS `annotations`;
/*!40101 SET @saved_cs_client     = @@character_set_client */;
/*!50503 SET character_set_client = utf8mb4 */;
CREATE TABLE `annotations` (
  `id` varchar(64) CHARACTER SET utf8mb4 COLLATE utf8mb4_unicode_ci NOT NULL,
  `article_id` varchar(64) CHARACTER SET utf8mb4 COLLATE utf8mb4_unicode_ci NOT NULL,
  `paragraph_index` int NOT NULL,
  `start_offset` int NOT NULL,
  `end_offset` int NOT NULL,
  `text` text CHARACTER SET utf8mb4 COLLATE utf8mb4_unicode_ci NOT NULL,
  `type` varchar(20) CHARACTER SET utf8mb4 COLLATE utf8mb4_unicode_ci NOT NULL,
  `color` varchar(20) CHARACTER SET utf8mb4 COLLATE utf8mb4_unicode_ci NOT NULL,
  `note` text CHARACTER SET utf8mb4 COLLATE utf8mb4_unicode_ci,
  `created_at` timestamp NULL DEFAULT CURRENT_TIMESTAMP,
  PRIMARY KEY (`id`),
  KEY `article_id` (`article_id`),
  CONSTRAINT `annotations_ibfk_1` FOREIGN KEY (`article_id`) REFERENCES `articles` (`id`) ON DELETE CASCADE
) ENGINE=InnoDB DEFAULT CHARSET=utf8mb4 COLLATE=utf8mb4_unicode_ci;
/*!40101 SET character_set_client = @saved_cs_client */;

--
-- Dumping data for table `annotations`
--

LOCK TABLES `annotations` WRITE;
/*!40000 ALTER TABLE `annotations` DISABLE KEYS */;
INSERT INTO `annotations` VALUES ('mq1zk8fq3q4zmd','72647542-2630-4c45-a150-7460ed01ca5b',2,52,62,'apprentice','highlight','#FFEB3B','apprentice\n英 / əˈprentɪs /\n美 / əˈprentɪs /\nn. 学徒，徒弟；生手，新手\nv. 收……为学徒；当学徒','2026-06-06 06:42:27'),('mq1zs598zpiyk1','72647542-2630-4c45-a150-7460ed01ca5b',2,89,99,'struck out','underline','#e74c3c','struck out\n英 / straɪk aʊt /\n开始行动：指开始采取行动。\n大胆尝试：指大胆尝试新的事物或方法。\n被三振出局：指在棒球比赛中被投手三振出局。\n连续击倒：指在保龄球比赛中连续击倒全部球瓶。\n失败：指失败或不成功。\n投手三振出局：指棒球投手通过三振将击球手出局。','2026-06-06 06:48:36'),('mq20w6886bol9p','72647542-2630-4c45-a150-7460ed01ca5b',7,416,422,'foster','highlight','#FFEB3B','foster\n英 / ˈfɒstə(r) /\n美 / ˈfɑːstər /\nv. 促进，培养；领养，收养\nadj. 代养的，寄养的\n【名】 （Foster） 福斯特（人名）','2026-06-06 07:19:44'),('mq21v3wz62228f','72647542-2630-4c45-a150-7460ed01ca5b',0,18,34,'at the sharp end','underline','#e74c3c','\"at the sharp end\" 是固定短语，常用于英式英语，意为“处于最困难、最危险或最前沿的位置”，常指直接面对问题、风险或客户的一线位置。','2026-06-06 07:46:54'),('mq2bavnxpu2ixb','72647542-2630-4c45-a150-7460ed01ca5b',4,256,264,'spritely','highlight','#FFEB3B','spritely\nadj. （尤指老年人）精神焕发的，充满能量的','2026-06-06 12:11:06'),('mq2ndsdogbbf2o','72647542-2630-4c45-a150-7460ed01ca5b',6,68,72,'loth','highlight','#FFEB3B','loth\n英 / ləʊθ /\n美 / loʊθ /\nadj. 不愿意的（等于 loath）；勉强的；憎恶的\nn. （Loth）人名；（法、德、波）洛特；（英）洛思；（老）洛','2026-06-06 17:49:17'),('mq2niv0sd9ymsf','72647542-2630-4c45-a150-7460ed01ca5b',5,408,430,'at their parents\' feet','underline','#e74c3c','\"at their parents\' feet\" 是比喻用法，意为“在父母的掌控下/听命于父母”','2026-06-06 17:53:14'),('mq3fjix11jaxiw','6819cecd-f20e-4745-8e29-be964ce3cdbe',5,381,392,'paedophilia','highlight','#FFEB3B','paedophilia\n英 / ˌpiːdəˈfɪliə /\n美 / ˌpiːdəˈfɪliə; ˌpedəˈfɪliə /\nn. 恋童癖','2026-06-07 06:57:34'),('mq3ftc8uqlvo9e','6819cecd-f20e-4745-8e29-be964ce3cdbe',2,427,443,'around the clock','underline','#e74c3c','around the clock\n英 / əˌraʊnd ðə ˈklɒk /\n美 / əˌraʊnd ðəˈklɑk /\n日夜不停地：指持续不断地进行，不间断地进行。','2026-06-07 07:05:12'),('mq3g5l2iow3ku9','6819cecd-f20e-4745-8e29-be964ce3cdbe',6,197,204,'abysmal','highlight','#FFEB3B','abysmal\n英 / əˈbɪzməl /\n美 / əˈbɪzməl /\nadj. 深不可测的；糟透的；极度的','2026-06-07 07:14:43'),('mq3gdujjiu1qq2','6819cecd-f20e-4745-8e29-be964ce3cdbe',6,492,499,'generic','highlight','#FFEB3B','generic\n英 / dʒəˈnerɪk /\n美 / dʒəˈnerɪk /\nadj. 一般的，通用的；（货物，尤指药品）没有牌子的，无商标的；属的，类的；（生）属的，类的\nn. 无商标消费品，不受商标注册保护的消费品','2026-06-07 07:21:09'),('mq3gikhttszo7z','6819cecd-f20e-4745-8e29-be964ce3cdbe',7,497,514,'partnerships with','underline','#e74c3c','partnerships with\n与……的合作关系：指两个或多个组织、公司或个人之间建立的合作关系，旨在共同实现某个目标或完成某项任务。','2026-06-07 07:24:49'),('mq3gly6ix0tuoi','6819cecd-f20e-4745-8e29-be964ce3cdbe',8,78,88,'in lieu of','underline','#e74c3c','in lieu of\n代替，取代','2026-06-07 07:27:27'),('mq3go6njswgs2y','6819cecd-f20e-4745-8e29-be964ce3cdbe',8,518,530,'head back to','underline','#e74c3c','head back to\n返回：前往某个地方的起点或之前所在的地方。','2026-06-07 07:29:11'),('mq3gooad6eg139','6819cecd-f20e-4745-8e29-be964ce3cdbe',0,16,22,'Psyber','highlight','#FFEB3B','“Psyber Boom”为自创合成词，结合“psyche”（心理/精神）和“cyber”（网络的/电脑的），意为“心理网络热潮”','2026-06-07 07:29:34'),('mq3gtun1ez6bo6','6819cecd-f20e-4745-8e29-be964ce3cdbe',2,512,534,'hands-on clinical work','underline','#e74c3c','“hands-on clinical work”意为“临床实践经验”','2026-06-07 07:33:35'),('mq3gvujzoqbwmy','6819cecd-f20e-4745-8e29-be964ce3cdbe',3,77,86,'incidence','highlight','#FFEB3B','incidence\n英 / ˈɪnsɪdəns /\n美 / ˈɪnsɪdəns /\nn. 发生率；入射','2026-06-07 07:35:09'),('mq3gynn2319xhs','6819cecd-f20e-4745-8e29-be964ce3cdbe',4,287,305,'subscription-based','underline','#e74c3c','subscription-based\n英 / səbˈskrɪpʃn beɪst /\n基于订阅的\n订阅式（订阅型）','2026-06-07 07:37:20'),('mq3h1eas18z1pn','6819cecd-f20e-4745-8e29-be964ce3cdbe',4,306,316,'meditation','highlight','#FFEB3B','meditation\n英 / ˌmedɪˈteɪʃ(ə)n /\n美 / ˌmedɪˈteɪʃ(ə)n /\nn. 冥想，打坐；沉思，深思；（关于某主题的）感想，沉思录','2026-06-07 07:39:28'),('mq3h4e2mi838lu','6819cecd-f20e-4745-8e29-be964ce3cdbe',5,22,28,'trauma','highlight','#FFEB3B','trauma\n英 / ˈtrɔːmə /\n美 / ˈtrɔːmə /\nn. 痛苦经历，挫折；精神创伤，心理创伤；损伤，外伤；不安，震惊，痛苦\n【名】 （Trauma）（西）特劳马（人名）','2026-06-07 07:41:47'),('mq3h4f515c0yr7','6819cecd-f20e-4745-8e29-be964ce3cdbe',5,29,34,'lurks','highlight','#FFEB3B','lurks\nv．潜伏，悄悄接近：在隐蔽处等待，通常是为了做某事。','2026-06-07 07:41:49'),('mq3h5c59s1tfek','6819cecd-f20e-4745-8e29-be964ce3cdbe',5,151,163,'blackmailing','highlight','#FFEB3B','blackmailing\nv．敲诈，勒索：通过威胁揭露某人的秘密或隐私，以获取金钱、财物或其他利益。','2026-06-07 07:42:32'),('mq3h6kp1hi15gw','6819cecd-f20e-4745-8e29-be964ce3cdbe',5,215,222,'back up','underline','#e74c3c','back up\n英 / bæk ʌp /\n美 / bæk ʌp /\n堵塞：指交通因拥堵而停滞不前。\n支持：指在比赛中站在队友后方以协助进攻。\n阻止：指阻止某事发生或进行。\n备份：指为了防止意外丢失而复制计算机文件或数据；也指复制硬盘上的所有文件。','2026-06-07 07:43:29'),('mq3hbd25uk6wj6','6819cecd-f20e-4745-8e29-be964ce3cdbe',5,325,337,'extramarital','highlight','#FFEB3B','extramarital\n英 / ˌekstrəˈmærɪt(ə)l /\n美 / ˌekstrəˈmærɪt(ə)l /\nadj. （尤指性关系）婚外的','2026-06-07 07:47:12'),('mq3hdogkax1f5q','6819cecd-f20e-4745-8e29-be964ce3cdbe',5,540,547,'wary of','underline','#e74c3c','wary of\n对……持谨慎态度：对某人或某事持谨慎、警惕的态度。','2026-06-07 07:49:01'),('mq3hjuh61q8cxe','6819cecd-f20e-4745-8e29-be964ce3cdbe',6,464,475,'identifiers','highlight','#FFEB3B','identifiers\n英 / aɪˈdentɪfaɪəz /\n美 / aɪˈdentəˌfaɪərz; aɪˈdentɪfaɪərz /\nn. [计][图情]标识符；标示符；识别码（identifier 的复数）','2026-06-07 07:53:48'),('mq3hp85cay8xkj','6819cecd-f20e-4745-8e29-be964ce3cdbe',8,244,264,'A letter-based scale','underline','#e74c3c','A letter-based scale”意为“一个基于字母的评级体系”，通常指用A, B, C, D等字母表示等级','2026-06-07 07:57:59'),('mq3i2hkxf4edqw','6819cecd-f20e-4745-8e29-be964ce3cdbe',5,451,457,'ransom','highlight','#FFEB3B','ransom\n英 / ˈrænsəm /\n美 / ˈrænsəm /\nn. 赎金；释放\nv. 赎出，赎回；把持（俘虏，监禁者）索要赎金，掳（人）索赎；得赎金后释放（俘虏，监禁者）\n【名】 （Ransom）（美、英、加）兰塞姆（人名）','2026-06-07 08:08:18'),('mq3i55ciup3gt7','72647542-2630-4c45-a150-7460ed01ca5b',11,195,205,'aficionado','highlight','#FFEB3B','aficionado\n英 / əˌfɪʃəˈnɑːdəʊ /\n美 / əˌfɪʃəˈnɑːdoʊ /\nn. 迷；狂热爱好者','2026-06-07 08:10:22'),('mq3qefjquwjj6g','72647542-2630-4c45-a150-7460ed01ca5b',5,393,397,'toil','highlight','#FFEB3B','toil\n英 / tɔɪl /\n美 / tɔɪl /\nv. （长时间地）苦干，辛勤劳作；艰难缓慢地移动，跋涉\nn. （尤指体力上的）苦工，苦活；网，捕捉野兽的陷阱','2026-06-07 12:01:32'),('mq3qh38tnyfmon','72647542-2630-4c45-a150-7460ed01ca5b',6,381,393,'in the black','underline','#e74c3c','“were in the black” 是固定习语，意为“有盈余，盈利”，与“in the red”（亏损）相对；','2026-06-07 12:03:37'),('mq3qmkemkvlda3','72647542-2630-4c45-a150-7460ed01ca5b',8,99,116,'credit guarantees','underline','#e74c3c','credit guarantees\n英 / ˈkredɪt ˌɡærənˈtiː /\n信用担保：一种保险，通常由政府机构提供，用于保护出口公司免受外国买家不支付货款的损失。','2026-06-07 12:07:52'),('mq3rnlou93od4z','72647542-2630-4c45-a150-7460ed01ca5b',9,319,327,'prodding','highlight','#FFEB3B','prodding\n英 / ˈprɒdɪŋ /\n美 / ˈprɑːdɪŋ /\nn. 促进；刺激\nvt. 刺（prod 的现在分词）','2026-06-07 12:36:40'),('mq3rpscm54dy13','72647542-2630-4c45-a150-7460ed01ca5b',9,430,444,'railed against','underline','#e74c3c','railed against\n英 / reɪl əˈɡenst; reɪl əˈɡeɪnst /\n猛烈抨击：强烈批评或指责某人或某事物。','2026-06-07 12:38:22'),('mq3tl54n6n2g5e','e58b0adb-8e03-482d-907a-78fcb1fbea03',6,386,391,'revel','highlight','#FFEB3B','revel\n英 / ˈrevl /\n美 / ˈrevl /\nvi. 狂欢；陶醉\nn. 狂欢；闹饮；喜庆狂欢活动\nn. （Revel）人名；（意、罗、法）雷韦尔；（英）雷维尔','2026-06-07 13:30:44'),('mq3zk3fnf9hlo7','e58b0adb-8e03-482d-907a-78fcb1fbea03',1,74,83,'sprung up','underline','#e74c3c','sprung up\"是动词短语\"spring up\"的过去分词，意为\"涌现、突然出现','2026-06-07 16:17:53'),('mq3zvlx5k3nuo1','e58b0adb-8e03-482d-907a-78fcb1fbea03',3,394,412,'on a regular basis','underline','#e74c3c','\"on a regular basis\" 是固定短语，意为\"经常地、定期地\"；','2026-06-07 16:26:50'),('mq3zwdc1tfkqjs','e58b0adb-8e03-482d-907a-78fcb1fbea03',3,624,638,'dis franchised','underline','#e74c3c','dis franchised\nadj．被剥夺权利的，被剥夺选举权的：指失去投票权或其他公民权利的人。','2026-06-07 16:27:26'),('mq40hgm7dbsjnd','e58b0adb-8e03-482d-907a-78fcb1fbea03',4,21,28,'Almanac','highlight','#FFEB3B','almanac\n英 / ˈɔːlmənæk /\n美 / ˈælmənæk /\nn. 年鉴；历书；年历','2026-06-07 16:43:50'),('mq40j0ivvftrpi','e58b0adb-8e03-482d-907a-78fcb1fbea03',5,111,117,'led to','underline','#e74c3c','led to\n英 / liːd tu /\n导致：指导致某种结果或情况发生。','2026-06-07 16:45:02'),('mq40o380zp6oht','e58b0adb-8e03-482d-907a-78fcb1fbea03',8,93,98,'maple','highlight','#FFEB3B','maple\n英 / ˈmeɪp(ə)l /\n美 / ˈmeɪp(ə)l /\nn. （生长在加拿大等北方国家的）槭树，枫树（=maple tree）；槭木，枫木\nn. 淡棕色\n【名】 （Maple）（英）梅普尔，（法）马普勒（人名）','2026-06-07 16:48:59'),('mq40on0u3s97yv','e58b0adb-8e03-482d-907a-78fcb1fbea03',8,185,210,'gather myself together in','underline','#e74c3c','\"gather oneself together\"是习惯用语，意为\"振作起来、重整旗鼓、集中精神\"','2026-06-07 16:49:25'),('mq5713cftnr8r4','e69aa028-0dab-400c-9fd7-1ec1ad8395c1',4,15,24,'rationale','highlight','#FFEB3B','rationale\n英 / ˌræʃəˈnɑːl /\n美 / ˌræʃəˈnæl /\nn. &lt;正式&gt;根本原因，逻辑依据','2026-06-08 12:34:50'),('mq574lvynb03iq','e69aa028-0dab-400c-9fd7-1ec1ad8395c1',5,208,220,'Plaza Accord','underline','#e74c3c','plaza accord\n广场协议','2026-06-08 12:37:34'),('mq57hyv3sdt27i','e69aa028-0dab-400c-9fd7-1ec1ad8395c1',2,321,329,'Quixotic','highlight','#FFEB3B','quixotic\n英 / kwɪkˈsɒtɪk /\n美 / kwɪkˈsɑːtɪk /\nadj. 唐吉诃德式的；狂想家的；愚侠的','2026-06-08 12:47:57'),('mq57i13j6bj313','e69aa028-0dab-400c-9fd7-1ec1ad8395c1',2,117,128,'precipitous','highlight','#FFEB3B','precipitous\n英 / prɪˈsɪpɪtəs /\n美 / prɪˈsɪpɪtəs /\nadj. 险峻的；急躁的，鲁莽的','2026-06-08 12:48:00'),('mq57i3yexysz3q','e69aa028-0dab-400c-9fd7-1ec1ad8395c1',3,121,130,'Vientiane','highlight','#FFEB3B','vientiane\n英 / vjenˈtjɑːn /\nn. 万象（老挝首都）','2026-06-08 12:48:04'),('mq57ykvcoinfd3','e69aa028-0dab-400c-9fd7-1ec1ad8395c1',6,291,305,'customs system','underline','#e74c3c','customs system\n海关制度\n海关体制','2026-06-08 13:00:52'),('mq599d4q5m51hv','e69aa028-0dab-400c-9fd7-1ec1ad8395c1',4,102,119,'make the case for','underline','#e74c3c','\"make the case for\" 是固定短语，意为\"为……提供充分理由；证明……是合理的\"','2026-06-08 13:37:15'),('mq59f2ff1vq243','e69aa028-0dab-400c-9fd7-1ec1ad8395c1',6,424,438,'as recently as','underline','#e74c3c','as recently as\n就在最近：表示某个事件或情况在最近的时间内发生或存在。','2026-06-08 13:41:41'),('mq59hum4e0lqw5','e69aa028-0dab-400c-9fd7-1ec1ad8395c1',7,510,522,'barely begun','underline','#e74c3c','barely begun\n刚刚开始：表示某事物的开始阶段非常短暂或者还没有真正开始。','2026-06-08 13:43:51'),('mq59hzpmicrqlo','e69aa028-0dab-400c-9fd7-1ec1ad8395c1',7,474,481,'Bangkok','highlight','#FFEB3B','bangkok\n英 / ˈbæŋkɒk /\n美 / ˈbæŋˌkɑːk /\nn. 曼谷（泰国首都）','2026-06-08 13:43:58'),('mq9jxrtea5s6z6','32e7d9cc-eb1b-4cdc-bbdb-c4e9031dc17e',2,24,32,'ubiquity','highlight','#FFEB3B','ubiquity\n英 / juːˈbɪkwəti /\n美 / juːˈbɪkwəti /\nn. 普遍存在；到处存在','2026-06-11 13:47:15'),('mq9o94yupe3bcg','32e7d9cc-eb1b-4cdc-bbdb-c4e9031dc17e',4,288,295,'shuffle','highlight','#FFEB3B','shuffle\n英 / ˈʃʌf(ə)l /\n美 / ˈʃʌf(ə)l /\nv. 拖着脚走；（因不适、紧张或尴尬而）坐立不安，把脚动来动去；将（纸张等）变换位置，打乱顺序；洗（牌）；匆忙地整理（或浏览）；笨拙地穿上；随机播放；逃避责任（或义务）；&lt;古&gt;躲闪，支吾，搪塞\nn. 拖着脚走；洗牌；曳步舞；慢切分节奏，曳步舞拍；变换位置；搅乱，改组；（CD 机上）非顺序自由播放装置','2026-06-11 15:48:03'),('mqcbh37fedccjf','e811a714-2c70-4751-aab9-e9fa17483474',4,212,219,'duopoly','highlight','#FFEB3B','duopoly\n英 / djuːˈɒpəli /\n美 / duːˈɑːpəli /\nn. 两家卖主垄断市场（的局面）；双头垄断市场','2026-06-13 12:13:38'),('mqchr7b4mmeisk','e811a714-2c70-4751-aab9-e9fa17483474',2,135,147,'contravening','highlight','#FFEB3B','contravene\n英 / ˌkɒntrəˈviːn /  美 / ˌkɑːntrəˈviːn /\nvt. 抵触；违反；反驳；否认','2026-06-13 15:09:27'),('mqdd7sjsjinp9g','e811a714-2c70-4751-aab9-e9fa17483474',3,104,112,'eligible','highlight','#FFEB3B','eligible\n英 / ˈelɪdʒəb(ə)l /\n美 / ˈelɪdʒəb(ə)l; ˈelədʒəb(ə)l /\nadj. 符合条件的，合格的；（婚姻）合适的，合意的\nn. 合格者，适任者','2026-06-14 05:50:09'),('mqddni4nb88zh2','e811a714-2c70-4751-aab9-e9fa17483474',3,165,178,'retroactively','highlight','#FFEB3B','retroactively\n英 / ˌretrəʊˈæktɪvli /\n美 / ˌretroʊˈæktɪvli /\nadv. 追溯地；逆动地','2026-06-14 06:02:23'),('mqddnwyh8ullqp','e811a714-2c70-4751-aab9-e9fa17483474',4,162,172,'bore fruit','underline','#e74c3c','\"bore fruit\"是固定短语，意为\"取得成果；奏效\"','2026-06-14 06:02:42'),('mqdgp0aswyv63e','e811a714-2c70-4751-aab9-e9fa17483474',4,463,471,'Estonian','highlight','#FFEB3B','estonian\n英 / eˈstəʊniən /\n美 / eˈstoʊniən /\nadj. 爱沙尼亚的\nn. 爱沙尼亚语；爱沙尼亚人','2026-06-14 07:27:31'),('mqdvqs3qz4l2nl','663cc1c5-4d01-4707-9951-c04b4d75a1c9',0,288,308,'life insurance rates','underline','#e74c3c','life insurance rates\n人寿保险费率','2026-06-14 14:28:49'),('mqdvsl8uk5ppfk','663cc1c5-4d01-4707-9951-c04b4d75a1c9',0,457,467,'revelation','highlight','#FFEB3B','revelation\n英 / ˌrevəˈleɪʃ(ə)n /\n美 / ˌrevəˈleɪʃ(ə)n /\nn. 被揭示的真相，被揭露的内情；揭露，披露；出乎意料的事物，令人惊喜的发现；（上帝的）启示，默示；《启示录》（《圣经·新约》末卷，讲述上帝对圣约翰有关未来的启示）（Revelation）','2026-06-14 14:30:13'),('mqdvtik7d5j9ay','663cc1c5-4d01-4707-9951-c04b4d75a1c9',1,78,88,'amounts to','underline','#e74c3c','amounts to\n英 / əˈmaʊnt tu /\n等同于：将多个部分或数量加在一起得到一个总数，或指某种行为或情况与另一种行为或情况在意义或效果上相同。\n达到：指某个数量或程度达到某个值或标准。','2026-06-14 14:30:56'),('mqdvv5526a9f9r','663cc1c5-4d01-4707-9951-c04b4d75a1c9',2,385,398,'handed off to','underline','#e74c3c','“hand off to”是固定短语，意为“移交；转交；传递”','2026-06-14 14:32:12'),('mqdw0rfree6ziv','663cc1c5-4d01-4707-9951-c04b4d75a1c9',3,39,48,'pre-empts','highlight','#FFEB3B','pre-empt\n英 / ˌpriː ˈempt /  美 / ˌpriː ˈempt /\nvt. 预先制止；抢在……之前行动；抢先得到\nvi. 先发制人地叫牌','2026-06-14 14:36:34'),('mqdw30gf73hdqj','663cc1c5-4d01-4707-9951-c04b4d75a1c9',3,69,78,'roll back','underline','#e74c3c','“roll back”是固定短语，意为“撤销；使倒退；削弱”','2026-06-14 14:38:19'),('mqdw4k33cwdg9a','663cc1c5-4d01-4707-9951-c04b4d75a1c9',3,315,328,'Dissemination','highlight','#FFEB3B','dissemination\n英 / dɪˌsemɪˈneɪʃ(ə)n /\n美 / dɪˌsemɪˈneɪʃ(ə)n /\nn. 宣传，散播；宣传，散播','2026-06-14 14:39:31'),('mqdw5z53w9jgwh','663cc1c5-4d01-4707-9951-c04b4d75a1c9',3,470,482,'bundled with','underline','#e74c3c','bundled with\n与……捆绑在一起：指两个或多个物品被一起出售或提供，通常是为了提供更好的价值或方便。','2026-06-14 14:40:37'),('mqdw6jraa36ab7','663cc1c5-4d01-4707-9951-c04b4d75a1c9',3,483,503,'federal pre-emption.','underline','#e74c3c','“federal pre-emption”是法律术语，意为“联邦优先权；联邦法律优先效力”','2026-06-14 14:41:04'),('mqdw7d1agdyx1b','663cc1c5-4d01-4707-9951-c04b4d75a1c9',3,526,529,'gut','highlight','#FFEB3B','“gut”是动词，此处非正式用法，意为“彻底破坏；废除；掏空（核心内容）”','2026-06-14 14:41:42'),('mqdw9r66xpyk4t','663cc1c5-4d01-4707-9951-c04b4d75a1c9',3,778,792,'opt-in consent','underline','#e74c3c','“opt-in consent”是专有名词，意为“明示同意；选择加入同意”，指用户主动同意而非默认允许','2026-06-14 14:43:33'),('mqdwaxafnq4xia','663cc1c5-4d01-4707-9951-c04b4d75a1c9',4,349,357,'enshrine','highlight','#FFEB3B','enshrine\n英 / ɪnˈʃraɪn /\n美 / ɪnˈʃraɪn /\nvt. &lt;正式&gt;把（法律、权利等）奉为神圣，把……庄严地载入；&lt;正式&gt;珍藏（神圣或宝贵的物品）；把……置于神龛内','2026-06-14 14:44:28'),('mqdwzdkf4u137z','8bf3c806-e659-4914-8445-726702b65760',4,342,353,'phasing out','underline','#e74c3c','“phase out”是固定短语，意为“逐步淘汰；分阶段终止”','2026-06-14 15:03:29'),('mqdwzoqw45rw9w','8bf3c806-e659-4914-8445-726702b65760',4,486,493,'outback','highlight','#FFEB3B','outback\n英 / ˈaʊtbæk /\n美 / ˈaʊtbæk /\nn. 内地\nadv. 在内地；往内地\nadj. 内地的','2026-06-14 15:03:44'),('mqdx0u1be98k4u','8bf3c806-e659-4914-8445-726702b65760',1,373,387,'ripped through','underline','#e74c3c','“rip through”是固定短语，意为“席卷；猛烈穿过；横扫”','2026-06-14 15:04:37'),('mqdx0y3swi2a1e','8bf3c806-e659-4914-8445-726702b65760',0,118,126,'affluent','highlight','#FFEB3B','affluent\n英 / ˈæfluənt /\n美 / ˈæfluənt /\nadj. 富裕的，富足的；&lt;古&gt;（水）畅流，滔滔流动；丰富的\nn. 富人；&lt;古&gt;支流','2026-06-14 15:04:42'),('mqdx2rmwtrr7b2','8bf3c806-e659-4914-8445-726702b65760',1,492,503,'inclined to','underline','#e74c3c','inclined to\n英 / ɪnˈklaɪnd tu /\n倾向于：有某种倾向或趋势，认为某种信念或观点可能是正确的。','2026-06-14 15:06:07'),('mqdxdn20la06cj','8bf3c806-e659-4914-8445-726702b65760',5,139,145,'viable','highlight','#FFEB3B','viable\n英 / ˈvaɪəb(ə)l /\n美 / ˈvaɪəb(ə)l /\nadj. 可望成功的，切实可行的；能存活的，能生长发育的','2026-06-14 15:14:34'),('mqdxlnugmktjrz','8bf3c806-e659-4914-8445-726702b65760',3,255,274,'speed the uptake of','underline','#e74c3c','“speed the uptake of”是固定搭配，意为“加速……的普及/采用”\nuptake\n英 / ˈʌpteɪk /  美 / ˈʌpteɪk /\nn. 摄取；领会；举起','2026-06-14 15:20:49'),('mqf9vftk2jkgwo','7b0c57cf-f27a-4adb-8c95-6a8f29fd6d4f',4,161,166,'cover','highlight','#FFEB3B','cover\n英 / ˈkʌvə(r) /\n美 / ˈkʌvər /\n“cover” 此处为动词，指 “负责报道、分析（行业领域）”','2026-06-15 13:52:07'),('mqfa5ievedvgiq','7b0c57cf-f27a-4adb-8c95-6a8f29fd6d4f',3,93,112,'\"under the guise of','underline','#e74c3c','“under the guise of” 固定短语，意为 “打着…… 的幌子；以…… 为借口”','2026-06-15 13:59:57'),('mqfa6lpkj4al5g','7b0c57cf-f27a-4adb-8c95-6a8f29fd6d4f',3,272,285,'consolidation','highlight','#FFEB3B','consolidation\n英 / kənˌsɒlɪˈdeɪʃ(ə)n /\n美 / kənˌsɑːləˈdeɪʃ(ə)n /\nn. 巩固；合并','2026-06-15 14:00:48'),('mqfa6mhphnascn','7b0c57cf-f27a-4adb-8c95-6a8f29fd6d4f',3,260,271,'substantial','highlight','#FFEB3B','substantial\n英 / səbˈstænʃ(ə)l /\n美 / səbˈstænʃ(ə)l /\nadj. 大量的，价值巨大的；牢固的，结实的；基本的，实质性的；（饭菜）丰盛的；重要的，真实的；有地位的，富有的\nn. 重要材料','2026-06-15 14:00:49'),('mqi3pja4f5dwsk','f46d30fc-c3fa-411c-b0f0-483f406414a9',2,292,297,'groom','highlight','#FFEB3B','groom\n英 / ɡruːm /\n美 / ɡruːm /\nv. （给动物）擦洗，刷洗；（动物为自己或另一动物）梳理毛发；梳妆，打扮；修饰，修整（某物）；培训，使做好准备；（尤指透过网际网路）勾引，诱奸（儿童）\nn. 新郎；马夫；&lt;英&gt;王室侍从官\n【名】 （Groom）（美）格鲁姆（人名）','2026-06-17 13:22:52'),('mqi3pp4cj7ugt6','f46d30fc-c3fa-411c-b0f0-483f406414a9',1,45,53,'outlines','highlight','#FFEB3B','outlines\n英 / ˈaʊtlaɪnz /\nn. 轮廓，外形；轮廓图，草图；提纲，大纲（outline 的复数）\nv. 概述，略述；勾勒，描画……的轮廓（outline 的第三人称单数）','2026-06-17 13:22:59'),('mqlrzulth2blw2','23704ad4-3843-455b-83e7-03609e8c462f',1,249,266,'convertible loans','underline','#e74c3c','“convertible loans”是金融术语，意为“可转换贷款（可转换为股权的贷款）”；','2026-06-20 03:06:02'),('mqltveca54lh0d','23704ad4-3843-455b-83e7-03609e8c462f',4,61,70,'intrinsic','highlight','#FFEB3B','intrinsic\n英 / ɪnˈtrɪnzɪk /\n美 / ɪnˈtrɪnzɪk /\nadj. 内在的，固有的','2026-06-20 03:58:34'),('mqltyyh7dtwhvw','23704ad4-3843-455b-83e7-03609e8c462f',0,35,44,'exchequer','highlight','#FFEB3B','exchequer\n英 / ɪksˈtʃekə(r) /\n美 / ɪksˈtʃekər /\nn. 财源；国库；财政部','2026-06-20 04:01:20'),('mqlu7kdv4n3j12','23704ad4-3843-455b-83e7-03609e8c462f',2,0,12,'The Treasury','underline','#e74c3c','“the Treasury”此处特指“（英国）财政部”','2026-06-20 04:08:02'),('mqluby7fv68s8n','23704ad4-3843-455b-83e7-03609e8c462f',2,238,267,'occupy the commanding heights','underline','#e74c3c','“occupy the commanding heights”是习语，原指“占据战略高地”，此处引申为“处于经济主导地位；掌控核心经济领域”','2026-06-20 04:11:26'),('mqluz40rg0g0uu','23704ad4-3843-455b-83e7-03609e8c462f',3,364,373,'exclusive','highlight','#FFEB3B','exclusive\n英 / ɪkˈskluːsɪv /\n美 / ɪkˈskluːsɪv /\nadj. 独有的，专用的；高档的，昂贵的；不含……的；排外的；排斥的；全部的；唯一关心的；（新闻或报道）独家的；（条款）除外责任的；高级的，昂贵的\nn. 独家新闻，独家报道','2026-06-20 04:29:27'),('mqluz5azjq2g1s','23704ad4-3843-455b-83e7-03609e8c462f',3,375,383,'decadent','highlight','#FFEB3B','decadent\n英 / ˈdekədənt /\n美 / ˈdekədənt /\nadj. 堕落的，颓废的，贪图享乐的；极其令人满意的，十分享受的\nn. 放纵者，堕落者；颓废派艺术家','2026-06-20 04:29:29'),('mqluzga0v7qwfg','23704ad4-3843-455b-83e7-03609e8c462f',3,388,398,'hedonistic','highlight','#FFEB3B','hedonistic\n英 / ˌhedəˈnɪstɪk; ˌhiːdəˈnɪstɪk /\n美 / ˌhedəˈnɪstɪk; ˌhiːdəˈnɪstɪk /\nadj. 快乐主义者的；快乐论的；快乐主义的','2026-06-20 04:29:43'),('mqlv06szr2gzz6','23704ad4-3843-455b-83e7-03609e8c462f',3,340,345,'throw','underline','#e74c3c','throw parties\n 举办派对：组织或主持聚会或庆祝活动。','2026-06-20 04:30:17'),('mqlvotl8zjrt28','23704ad4-3843-455b-83e7-03609e8c462f',2,457,463,'closet','highlight','#FFEB3B','closet\n英 / ˈklɒzɪt /\n美 / ˈklɑːzɪt /\nn. 壁橱，储藏室；隐秘状态（尤指同性恋身份）；&lt;古&gt;盥洗室，厕所\nv. 把……关在房间；把……带入房间密谈\nadj. 秘密的，不公开的\n【名】 （Closet）（法）克洛塞（人名）','2026-06-20 04:49:27'),('mqlxgo8trbut0w','07f5063f-4334-48fd-aa10-b3fa76fc0208',2,212,219,'pretext','highlight','#FFEB3B','pretext\n英 / ˈpriːtekst /\n美 / ˈpriːtekst /\nn. 借口，托词','2026-06-20 05:39:06'),('mqlxgrtawvuum3','07f5063f-4334-48fd-aa10-b3fa76fc0208',2,239,249,'confiscate','highlight','#FFEB3B','confiscate\n英 / ˈkɒnfɪskeɪt /\n美 / ˈkɑːnfɪskeɪt /\nv. 没收，查抄（某人的财产）；充公，罚没（某物，尤指土地）\nadj. 被没收的','2026-06-20 05:39:10'),('mqlxhr274r7d2n','07f5063f-4334-48fd-aa10-b3fa76fc0208',2,363,369,'clause','highlight','#FFEB3B','clause\n英 / klɔːz /\n美 / klɔːz /\nn. 从句，分句；（法律文件的）条款\n【名】 （Clause）（法）克洛斯（人名）','2026-06-20 05:39:56'),('mqlycjbyaqih9y','07f5063f-4334-48fd-aa10-b3fa76fc0208',0,18,29,'unanimously','highlight','#FFEB3B','unanimously\n英 / juˈnænɪməsli /\n美 / juˈnænɪməsli /\nadv. 全体一致地','2026-06-20 06:03:52'),('mqlyczpyqk0sym','07f5063f-4334-48fd-aa10-b3fa76fc0208',0,100,106,'recoup','highlight','#FFEB3B','recoup\n英 / rɪˈkuːp /\n美 / rɪˈkuːp /\nvt. 收回；恢复；偿还；扣除\nvi. 获得补偿；请求扣除','2026-06-20 06:04:13'),('mqm1r3r63ka9ri','07f5063f-4334-48fd-aa10-b3fa76fc0208',0,147,161,'takings clause','underline','#e74c3c','“takings clause”是法律术语，指美国宪法第五修正案中的“征收条款”，规定政府征用私人财产须给予公正补偿','2026-06-20 07:39:11'),('mqpa28d0iqck29','07f5063f-4334-48fd-aa10-b3fa76fc0208',4,245,263,'concurring opinion','underline','#e74c3c','concurring opinion\n英 / kənˈkɜːrɪŋ əˈpɪnjən /\n附议意见：在法院中与多数法官的判决结果相同，但可能是通过不同的方式得出的意见。','2026-06-22 13:55:05'),('mqpaqdlfuwn9m1','28a47018-d8d7-46d2-a276-6bf7447c46f8',1,136,147,'retroactive','highlight','#FFEB3B','retroactive\n英 / ˌretrəʊˈæktɪv /\n美 / ˌretroʊˈæktɪv /\nadj. 追溯的；有追溯效力的；反动的','2026-06-22 14:13:52'),('mqparpgibi7g92','28a47018-d8d7-46d2-a276-6bf7447c46f8',1,195,209,'jack up prices','underline','#e74c3c','jack up prices\n哄抬价格：指故意提高商品或服务的价格，以获取更高的利润。','2026-06-22 14:14:54'),('mqpbyrlfnq1e4c','28a47018-d8d7-46d2-a276-6bf7447c46f8',3,44,61,'perverse effects.','underline','#e74c3c','perverse effects\n反效果：指实施某项行动或政策时，出现与预期相反的结果。\nperverse\n英 / pəˈvɜːs /  美 / pərˈvɜːrs /\nadj. 任性的，故意作对的；有悖常理的，反常的，不合人意的；（裁决）不合法的，不正当的；性欲反常的，性变态的','2026-06-22 14:48:23');
/*!40000 ALTER TABLE `annotations` ENABLE KEYS */;
UNLOCK TABLES;

--
-- Table structure for table `articles`
--

DROP TABLE IF EXISTS `articles`;
/*!40101 SET @saved_cs_client     = @@character_set_client */;
/*!50503 SET character_set_client = utf8mb4 */;
CREATE TABLE `articles` (
  `id` varchar(64) CHARACTER SET utf8mb4 COLLATE utf8mb4_unicode_ci NOT NULL,
  `title` varchar(500) CHARACTER SET utf8mb4 COLLATE utf8mb4_unicode_ci NOT NULL,
  `content` text CHARACTER SET utf8mb4 COLLATE utf8mb4_unicode_ci,
  `folder_id` varchar(64) CHARACTER SET utf8mb4 COLLATE utf8mb4_unicode_ci NOT NULL,
  `created_at` timestamp NULL DEFAULT CURRENT_TIMESTAMP,
  `deleted_at` timestamp NULL DEFAULT NULL,
  `translation` text COLLATE utf8mb4_unicode_ci,
  PRIMARY KEY (`id`)
) ENGINE=InnoDB DEFAULT CHARSET=utf8mb4 COLLATE=utf8mb4_unicode_ci;
/*!40101 SET character_set_client = @saved_cs_client */;

--
-- Dumping data for table `articles`
--

LOCK TABLES `articles` WRITE;
/*!40000 ALTER TABLE `articles` DISABLE KEYS */;
INSERT INTO `articles` VALUES ('07f5063f-4334-48fd-aa10-b3fa76fc0208','6.Supreme Court Rules States Cannot Keep Surplus Profits from Seized Property Sales','The Supreme Court unanimously ruled on Thursday that states that seize and sell private property to recoup unpaid taxes violate the Constitution’s takings clause if they retain more than what the taxpayer owed. The case concerned a 94-year-old woman in Minnesota who had stopped paying property taxes on her apartment after moving into an assisted-living center. By the time Hennepin County seized the property, the woman, Geraldine Tyler, owed about $2,000 in taxes and another $13,000 in penalties and interest. The county sold the apartment at auction for $40,000, and it kept not only the $15,000 that was due but also the remaining $25,000.\n\nRetaining the entire value of a confiscated property, even when the debts owed amounted to a small portion of it, is authorized by Minnesota law. The county argued that the Minnesota law was rooted in historical practice and encouraged homeowners to take steps to protect their property.\n\nWriting for the court, Chief Justice John G. Roberts Jr. said that “history says otherwise”. The county had the power to sell Tyler’s home to recover the unpaid property taxes, he wrote, but it could not use the pretext of the tax debt to confiscate more property than was due. The county’s action, the chief justice wrote, was a classic violation of the takings clause, which says that property cannot “be taken for public use, without just compensation”.\n\nThe principle that a government may not take more from a taxpayer than she owes, he wrote, “can trace its origins at least as far back as Runnymede in 1215, where King John swore in the Magna Cartathat when his subordinates came to collect any debts owed him from a dead man, they could remove property ‘until the debt which is evident shall be fully paid to us; and the residue shall be left to the executors to fulfill the will of the deceased.’”\n\nChristina Martin, a lawyer with the Pacific Legal Foundation, which represents Ms. Tyler, called the decision “a major victory for property rights in the United States”. Justice Neil M. Gorsuch, joined by Justice Ketanji Brown Jackson, issued a concurring opinion that explored another possible ground for ruling in Ms. Tyler’s favor: the Eighth Amendment’s prohibition of “excessive fines”. “Economic penalties imposed to deter willful noncompliance with the law are fines by any other name,” Justice Gorsuch wrote. “And the Constitution has something to say about them: They cannot be excessive.”','45757d16-02b8-4e6f-a9db-5cdc6689286a','2026-06-15 12:09:17',NULL,NULL),('23704ad4-3843-455b-83e7-03609e8c462f','5.Britain\'s Startup Lifeline: Profit or Peril for Taxpayers?','Rishi Sunak, the chancellor of the exchequer, launched the Future Fund in April to tackle a gap in previous offerings of financial help to firms.\n\nSince March around £45 billion of government-backed loans – 2% of GDP – have been extended to the private sector but the initial package was ill-suited to firms that are “pre-profit” or even “pre-revenue”. The Future Fund offers up to £5 million in convertible loans for firms if they raise the same amount of third-party cash. The need for matching funding ensures that decisions are still, ultimately, being made by investors rather than by the government.\n\nThe Treasury has declined to publish a full list of the recipients. But several of the firms that have raised capital through funding websites, such as Seedrs, a startup platform, have publicised their Future Fund loans. The names do not occupy the commanding heights of the economy to which politicians used to aspire. Aside from Seedrs they include Stem + Glory, a vegetarian restaurant, and Save Your Wardrobe, an app that allows users to digitise their closet quickly.\n\nHowever, not everyone is happy. Darren Jones, the chair of the House of Commons Business Select Committee, has called for details of the firms the Treasury is backing. “We need to understand how the government is managing risk and be assured that money is being spent well,” he says. Emma Sayle, chief executive of a startup that claims to throw “the world’s most exclusive, decadent and hedonistic parties”, criticises the targeting of firms that already have significant venture-capital funding. “It was made by venture-capital firms for only venture-capital firms to benefit, not startups or small investors.”\n\nJeff Lynn, the founder of Seedrs, warns that failures are an intrinsic part of startup culture and worries about bad headlines when investments go wrong, but he supports the government’s approach. “I would expect two or three in ten of any portfolio of startup investments to perform really well and the rest, less so,” he says.\n\nWhereas most of the government’s financial-support packages will cost taxpayers a lot of money, venture-capital firms expect the Future Fund to turn a profit as well as helping sustain the startup sector – a relatively bright spot in the British economy pre-crisis. But taxpayers may be surprised by some of their new relationships, and they are not the only ones.','45757d16-02b8-4e6f-a9db-5cdc6689286a','2026-06-15 12:05:22',NULL,NULL),('28a47018-d8d7-46d2-a276-6bf7447c46f8','7.Rent control in Berlin','Earlier this year some residents of Germany took to the streets and called for rents to be frozen in the capital. Finally, the authorities listened. On June 18th, legislators in Berlin voted to freeze rents for five years, excluding new-builds. The German capital thus became one of European cities implementing rent controls. Spain recently limited annual rent hikes, and Barcelona followed up with even stricter rules. Amsterdam is trying to stop investors buying up new-builds to rent them out expensively.\n\nThe proposal in Berlin is the most radical of these. Under new rules, rents that are deemed too high would be lowered. The law would be retroactive from June 18th, so that anyone who attempts to jack up prices before it is passed could be fined €500,000 ($563,000). Landlords who want to make renovations that would push up prices by more than €0.50 per square metre will have to seek approval. The decision could face challenges from the national government, but may become law early next year.\n\nIn recent years, cheap borrowing, low unemployment, an influx of foreign investment and population growth have helped to push up demand for houses across European cities. Meanwhile, the rise of Airbnb, a home-stay site, and the relocation of companies due to Brexit, particularly to Frankfurt, Paris and Amsterdam, have accelerated the trend. Anger about practices that have allowed certain rents to rise much faster than wage growth may also have played a part in the Berlin proposal.\n\nEconomists warn that rent caps tend to have perverse effects. Controls tend to deter investment in the housing market, thus aggravating the shortages of residential places. The head of the German national housing association has already warned that 50,000 fewer apartments will be built over the next five years if the law is enacted.\n\nCritics argue that instead of trying to fix prices, cities should allow more homes to be built. The city has grown by about 50,000 people a year since 2011, but added only 10,000 new apartments per year. What is surprising is that Berliners are not helping themselves: they have voted against developing a field the size of Monaco near the city centre, and halted plans to build on a huge patch of farmland nearby.\n\nIt is projected that high rents in German are unlikely to come down soon. The European Central Bank is maintaining ultra-low interest rates, and urban migration will continue. If politicians really want to help renters, they should favour concrete-mixing, not price-fixing.','45757d16-02b8-4e6f-a9db-5cdc6689286a','2026-06-22 14:04:57',NULL,'今年早些时候，德国部分居民走上街头，呼吁首都柏林冻结房租。当局终于听取了民意。6月18日，柏林立法机构投票通过决议，除新建住宅外，房租将冻结五年。至此，这座德国首都也加入了实施租金管制的欧洲城市行列。西班牙近期刚限制了房租的年涨幅，巴塞罗那随即出台了更为严苛的规定。阿姆斯特丹则正试图阻止投资者购买新房用于高价出租。\n柏林的这一提案是其中最为激进的。新规之下，被认定过高的租金将被下调。该法律具有追溯效力，自6月18日起，任何试图在法律通过前哄抬房价的行为都可能面临50万欧元（约合56.3万美元）的罚款。房东若想翻修房屋并将租金提高0.5欧元/平方米以上，必须获得审批。尽管该决定可能遭到联邦政府的挑战，但最早将于明年初正式立法生效。\n近年来，廉价信贷、低失业率、外资涌入以及人口增长，共同推高了欧洲各大城市的住房需求。与此同时，民宿平台Airbnb的兴起，以及受英国脱欧影响导致的企业搬迁（尤其是迁往法兰克福、巴黎和阿姆斯特丹），进一步加速了这一趋势。柏林之所以提出该提案，部分原因也在于民众对房租增速远超工资涨幅这一现象的积怨已久。\n经济学家警告称，租金上限往往会带来适得其反的效果。管制通常会抑制房地产市场投资，进而加剧住房短缺。德国全国住房协会负责人已发出预警：若该法案实施，未来五年内新建公寓数量将减少5万套。\n批评人士指出，城市管理者不应试图管控价格，而应允许建设更多住房。自2011年以来，柏林人口每年增长约5万人，但每年新增公寓仅为1万套。令人意外的是，柏林市民并未“自救”：他们投票反对开发市中心一块面积相当于摩纳哥的空地，还叫停了附近一大片农田上的建房计划。\n据预测，德国的高租金短期内不太可能回落。欧洲央行仍在维持超低利率，且人口向城市迁移的趋势还将持续。如果政客们真心想帮助租客，他们应该支持“搅拌混凝土”（即大兴土木），而非“固定价格”。'),('32e7d9cc-eb1b-4cdc-bbdb-c4e9031dc17e','24.The music business','The music business\n\nGhosts of Christmas past\n\nMariah Carey\'s seasonal ubiquity illustrates the new economics of streaming\n\nThe battle to be top of the charts on Christmas Day has been won in recent years by the likes of Taylor Swift, Ed Sheeran and Ariana Grande. But lately these singers have faced competition from an unexpected source: the 20th century. Despite the best efforts of today\'s young stars, the December charts have become dominated by musicians who are well into middle age, or dead.\n\nOn Christmas Day five years ago, every single in the top ten of the Billboard Hot 100, a chart of America\'s most popular songs, was a new release. In 2017 Mariah Carey crept in at number nine with her massive 23-year-old hit, \"All I Want for Christmas is You\". Since then the oldies have shuffled relentlessly forward (see chart). Last Christmas half of America\'s top ten songs were more than half a century old. Indeed Ms Carey, then aged 51, was one of the younger artists: two of her fellow chart toppers were drawing a pension; three had joined the heavenly chorus.\n\nOld hits have been revived by new technology. Billboard\'s charts used to be based predominantly on record sales, as well as incorporating the number of radio plays. But since 2015 its evolving formula has tended to give the greatest weight to the number of listens on streaming services like Spotify. The result is that records like \"Jingle Bell Rock\" (1957) by American country singer Bobby Helms, which no longer generate many physical-format sales but which still get streamed on repeat in December, have been catapulted up the rankings.\n\nThe Christmas-charts phenomenon illustrates why investors are re-evaluating musicians\' back catalogues. Streamers pay rights-holders a small sum for every play of a song, so old favourites whose physical sales had long ago dwindled have returned to earning a steady income. Artists with year-round appeal have been cashing in on their newly sought-after oeuvres. Last year Bob Dylan sold his collection to Universal Music Group, the world\'s biggest record label, for a sum reportedly over $300m. On November 30th BMG, another music company, said it had bought the heavy-metal collection of Motley Crüe.\n\nStreaming may mean a new payday for enduringly popular artists, but it saps some of the excitement from the Christmas charts. Ms Carey, who claimed second place in Billboard\'s ranking last year and first place the year before that, has already begun her festive assault on this year\'s charts: at the time of writing she had reached number 12, and rising. Christmas may be \"The Most Wonderful Time of the Year\" (last year\'s number-seven hit), but it is also becoming the most musically predictable.','d53ea528-9df2-49fb-8e20-213a4f275dea','2026-06-08 13:47:25',NULL,NULL),('49ae9511-cd1a-4e49-a72d-e08133244dd5','25.Art review','Art review\nDürer\'s weird and wonderful wanderlust sedately retraced\nIn Albrecht Dürer\'s print The Sea Monster, a woman lies, quite happy with her lot, on the back of a bizarre beast as he swims away with her. He has a scaly body, bearded human face and antlers. Wearing nothing much but a necklace, she rests her hand on her curvaceous hip as she watches the people screaming from shore, in front of a fairytale castle on a craggy hill.\nIt is weird and it is wonderful. It also captures exactly what the National Gallery\'s foray into Dürer\'s wanderlust is about—or would be if it worked. When Dürer engraved this, in about 1498, he was eagerly assimilating what he\'d seen on his first visit to Italy a few years earlier.\nBorn in Nuremberg in 1471, the son of a goldsmith, Albrecht had barely begun his career when he set off across the Alps for Venice. There, he found a sexualised culture in which courtesans played prominent roles, licensed by pagan mythology. But Dürer doesn\'t just bring the Renaissance home to Germany. He wildly transforms it. The Sea Monster takes Ovid\'s story of Europa and the Bull, and turns the (literally) horny male creature into a beast straight out of northern forest folklore.\nIn a nearby woodcut, he portrays the Whore of Babylon as an actual Venetian sex worker. Not that Dürer was heteronormative. On his next, better documented, trip to Venice he admired the physique and style of soldiers. His German friends teased him for picking up the ways they attributed to Italian artists and joked that he had grown his beard to impress his apprentice. Unfortunately, not much of this comes through in Dürer\'s journeys. It sounds like a great idea—a micro history of the Renaissance through the eyes of an artist who loved to travel, first to Italy, later to the bustling port of Antwerp where he encountered people and artworks from beyond Europe. But it doesn\'t tell that story well, or let us feel the force of those piercing eyes.\nIt is not so much a magical mystery tour as a sedate plod. It will impress traditionalists as a no-nonsense dive into art history, free from annoying wall texts that denounce the past—this show only alludes to the grotesque antisemitic caricatures in Christ Among the Doctors by explaining that the evil scholars \"were often represented as caricatures of Jewish people in this period\". Well, clearly there\'s no possible modern resonance to this hatred of Jews in an artist who came from Nuremberg.\nFor all its apparent seriousness this exhibition fails to take you to the heart of Dürer. It even made me doubt my adoration of his art. The old-fashioned fustiness—some of the rooms are painted brown and brick as if to make you feel you are in a dusty library—can\'t hide a lack of clear argument. The trouble starts before Dürer even sets out. However far he travelled, he always came back to his starting point, Nuremberg. Yet we don\'t get much sense of what life was like there: the walled community with its prayers and festivals; the local market where Dürer wasn\'t too proud to let his mother flog his woodcuts.\nThat lack of any sense of place pervades a big room about his second trip to Venice. For all its ostentatious, scholarly air, this exhibition misses the point of Dürer\'s journeys to Venice completely. It was this: as well as being thrilled by the freedom and sensuality of the place, what struck Dürer in Italy was a new idea of the artist. Leonardo da Vinci, Michelangelo and Raphael were hitting the heights as well as Giorgione. With all these geniuses around someone needed to define genius itself—to consciously portray the artist, no longer as a servile artisan like Dürer\'s father, but a godlike spirit of mysterious creative powers.\nIt was Dürer who worked this out. He\'s the first artist who was conscious of living in a Renaissance—and who explicitly advances the idea of the modern artist, the genius. It\'s currently fashionable to attack exhibitions that pull the past uncomfortably into the present, that remind us that 18th-century Britain had a slave trade. But the past can also be killed by conservatism disguised as rigour. At times I lost sight of Dürer here. With each exhibition that buries the excitement of the Renaissance as this one does, this dazzling age gets further away.','d53ea528-9df2-49fb-8e20-213a4f275dea','2026-06-08 13:46:11',NULL,NULL),('663cc1c5-4d01-4707-9951-c04b4d75a1c9','1.Congress Must Pass Strong Federal Privacy Law Without Weakening State Protections','Americans have been far too vulnerable for far too long when they venture online. Companies are free today to monitor Americans\' behavior and collect information about them from across the web and the real world to do everything from sell them cars to influence their votes, to set their life insurance rates – all usually without users\' knowledge of the collection and manipulation taking place behind the scenes. It\'s taken more than a decade of shocking revelations – of data breaches and other privacy abuses – to get to this moment, when there finally seems to be enough momentum to pass a federal law. Congress is considering several pieces of legislation that would strengthen Americans\' privacy rights.\n\nAmerican lawmakers are late to the party. European Union has already set what amounts to a global privacy standard with its General Data Protection Regulation(G.D.P.R). G.D.P.R establishes several privacy rights that do not exist in the United States – including a requirement for companies to inform users about their data practices and receive explicit permission before collecting any personal information.\n\nThe toughest privacy law in the United States today, is the California Consumer Privacy Act. Just like G.D.P.R., it requires companies to take adequate security measures to protect data and offers consumers the right to request access to the data that has been collected about them. Under the California law, consumers not only have a right to know whether their data is being sold or handed off to third parties, they also have a right to block that sale.\n\nHowever, if a weak federal privacy law pre-empts state law, it would roll back the protections that Californians are supposed to get – and it would make it impossible for other states to set the bar even higher. That\'s exactly what\'s going on with privacy bills introduced by Senator Marco Rubio (the American Data Dissemination Act) and Senator Marsha Blackburn (the Balancing the Rights of Web Surfers Equally and Responsibly Act). Both offer weak privacy protections bundled with federal pre-emption. If passed, they would gut the California law. In the House, Representative Suzan DelBene\'s Information Transparency and Personal Data Control Act also pre-empts state law, while offering a respectable amount of privacy protection, like a requirement for companies to secure opt-in consent before collecting user data. Still, even that bill lacks some rights that the California law provides.\n\nA single bill is of course not the end of government\'s responsibilities to its citizens. Any regulation must evolve alongside technology to safeguard fundamental freedoms. But a strong law would be a welcome start. The California privacy law will go into effect in less than seven months. Congress should seize the moment and the public momentum to enshrine digital privacy rights into federal law.','45757d16-02b8-4e6f-a9db-5cdc6689286a','2026-06-14 14:08:57',NULL,NULL),('6819cecd-f20e-4745-8e29-be964ce3cdbe','28.Digital health: Psyber Boom','Digital health: Psyber Boom\nDramatic growth in mental-health apps has created a risky industry\nWhen Carolina Escudero was severely depressed, going to a therapist\'s office became hard to face. So she joined BetterHelp, a popular therapy app. She paid$65 each week but spent most of her time waiting for her assigned counsellor to respond.She got two responses in a month.\"It was like texting an acquaintance who has no idea how to deal with mental illness,\" she says. BetterHelp says its service does not claim to operate around the clock, all its therapists have advanced degrees and“thousands of hours of hands-on clinical work\", and users are able easily to switch them if scheduling is hard.\nHelping people to deal with mental problems has rarely been more urgent. The incidence of depression and anxiety has soared in the pandemic-by more than 25% globally in 2020, according to the Lancet, a medical journal. That, combined with more people using online services, has led to a boom in mental-health apps. The American Psychological Association reckons 10,000-20,000 are available for download. But evidence is mounting that privacy risks to users are being ignored. No one is checking if the apps work, either.\nmental-health-tech firms raised nearly2bn in equity funding in 2020, according to CB Insights, a data firm. Their products tackle problems from general stress to serious bipolar disorder. Telehealth apps like BetterHelp or Talkspace connect users to licensed therapists. Also common are subscription-based meditation apps like Headspace. In October Headspace bought Ginger, a therapy app, for3bn.Now that big companies are prioritising employees\'mental health, some apps are working with them to help entire workforces. One such app, Lyra, supports 2.2m employee users globally and is valued at$4.6bn.\nUnderneath, though, a trauma lurks in some corners of the industry. In October 2020 hackers who had breached Vastaamo, a popular Finnish startup,began blackmailing some of its users. Vastaamo required therapists to back up patient notes online but reportedly did not anonymise or encrypt them.Threatening to share details of extramarital affairs and, in some cases, thoughts about paedophilia, on the dark web, the hackers reportedly demanded bitcoin ransoms from some 30,000 patients. Vastaamo has filed for bankruptcy but left many Finns wary of telling doctors personal details, says Joni Siikavirta, a lawyer representing the company\'s patients.\nOther cases may arise. No universal standards for storing“emotional data” exist. John Torous of Harvard Medical School, who has reviewed 650 mental-health apps, describes their privacy policies as abysmal. Some share information with advertisers.“When I first joined BetterHelp, I started to see targeted ads with words that I had used on the app to describe my personal experiences,\" reports one user.BetterHelp says it shares with marketing partners only device identifiers associated with“generic event names\", only for measurement and optimisation, and only if users agree. No private information, such as dialogue with therapists, is shared, it says.\nAs for effectiveness, the apps\' methods are notoriously difficult to evaluate. Woebot, for instance, is a chatbot which uses artificial intelligence to reproduce the experience of cognitive behavioural therapy. The product is marketed as clinically validated based in part on a scientific study which concluded that humans can form meaningful bonds with bots. But the study was written by people with financial links to Woebot. Of its ten peer-reviewed reports to date, says Woebot, eight feature partnerships with a main investigator with no financial ties to it. Any co-authors with financial ties are disclosed, it says.\nmental-health apps were designed to be used in addition to clinical care, not in lieu of them. With that in mind, the European Commission is reviewing the field. It is getting ready to promote a new standard that will apply to all health apps. A letter-based scale will rank safety, user friendliness and data security. Liz Ashall-Payne, founder of ORCHA, a British startup that has reviewed thousands of apps, including for the National Health Service, says that 68% did not meet the firm\'s quality criteria. Time to head back to the couch?','d53ea528-9df2-49fb-8e20-213a4f275dea','2026-06-06 04:09:35',NULL,NULL),('72647542-2630-4c45-a150-7460ed01ca5b','27.Business in Japan at the sharp end','Business in Japan at the sharp end\nJapan\'s small companies lack spark and successors\nInoue toyosaku moved to Tokyo in 1913 and became an apprentice to a metalworker. When he struck out on his own a few years later he found profit making scissors for hair salons. The company he founded, Tokosha, now sells its Joewell brand scissors in more than 50 countries, for as much as￥330,000($2,900) a pop.“We make scissors in the Japanese countryside but export to New York, London and Paris,\" boasts Inoue Kenji, a grandson of the founder and Tokosha\'s current boss.\nCompanies such as Tokosha, which has around 50 employees, make up a big share of Japan\'s economy. The country has some 3.6m small and medium-size enterprises(SMEs), which employ 70%of workers(in Britain the figure is 61%). These firms are less productive than peers in other wealthy places.The gap between the labour productivity of Japan\'s SMEs and its bigger companies is greater than the SMEs and its bigger companies is greater than the average in the OECD, a club of rich countries.\nIn the coming years even the better small firms may face a reckoning. Hundreds of thousands of profitable businesses responsible for millions of jobs risk shutting down because their ageing owners cannot find successors. Consolidation would make SMEs more spritely, and save good ones from closing needlessly. But efforts to encourage it are going slowly.\nJapan\'s small businesses are often family-run.But families have fewer children than they did in the past, and fewer of them are excited about inheriting the family trade. In 2000 some 80% of leadership changes at SMEs involved one family member handing control to another; now it is only 34%.Committing to take over the family business can require youngsters to abandon dreams of city life to toil for years at their parents\' feet.\"Being a successor is lonely,\" says Suzuki Hiroaki, who this year won a business competition that the government runs for them.“There are conflicts with family members, with fathers.\"\nThough mergers are becoming more common,many business owners remain loth to sell to competitors or foreigners. Getting all the decision-makers in a family to agree to the terms of a sale is difficult, says Tsunoda Michie of Sapporo University:“Many miss the chance to sell, and so many profitable companies close.\" Some 60% of the 50,000 or so SMEs that closed down last year were in the black when they shut. Researchers at the International Monetary Fund and Japan\'s Research Institute of Economy, trade and Industry argue that these closures also increase the likelihood of their suppliers and buyers shutting their doors-a domino effect with macroeconomic implications, especially in rural areas.\nAs their owners age, Japan\'s small firms may start to lose their dynamism. In 2000 some 21% of SME bosses were 65 or older. By 2020 it was 42%(see chart). Research suggests that Japanese firms with older managers see sales and profits grow at a slower pace than those with younger ones. Older managers are less likely to seek entry into new business fields,less likely to make capital investments and less likely to foster a corporate culture that encourages trial and error.\nGovernment policies have not helped. Japan provides generous support to SMEs through long-standing credit guarantees. That helps poor performers stay alive(and three-quarters of Japan\'s small firms are over ten years old, compared with half in most rich countries). The subsidies also dry up as firms get bigger, giving them an incentive not to.\nSuga Yoshihide, who stepped down as prime minister in September, was conscious of these problems. His government introduced subsidies encouraging SMEs to merge with each other and to expand into new lines of business. It slightly raised the minimum wage, which is low by the standards of rich countries, in the hope of prodding business owners to seek ways to make their staff more productive. But many small-business owners have railed against these reforms.\nKishida Fumio, who succeeded Mr Suga as prime minister, is taking a milder approach. He has talked up causes that please small-business owners,such as finding ways to stop large firms bullying subcontractors. Making companies bigger need not be the only way of boosting productivity, argues Okada Koichi at Meiji University in Tokyo. He says the government could do more to help SMEs invest in technology.\nCompanies such as Tokosha see little advantage in mergers. Given the time it takes to train craftspeople,“you can’t all of a sudden make these companies bigger,\" Mr Inoue says. His customers are aficionados who appreciate subtle differences between brands.“Every scissor has its own flavour,” he adds.Mr Inoue has not thought much about buying competitors or selling his firm. But he does worry about who will succeed him. He hopes his nephew will take over one day.','d53ea528-9df2-49fb-8e20-213a4f275dea','2026-06-06 04:19:55',NULL,NULL),('7b0c57cf-f27a-4adb-8c95-6a8f29fd6d4f','3.Meta Threatens to Block News in California Over Proposed Law Requiring Payment to Publishers','Meta is threatening to block users in California from sharing news articles on its social media networks to protest a state legislative proposal that would force tech companies to pay publishers for their content. The social media giant said Wednesday that if the California Journalism Preservation Act passes, the company would \"be forced\" to pull news from Facebook and Instagram in the state rather than agree to pay news outlets the journalism usage fee the bill would require.\n\nOver the years, traditional news publishers have lost key revenue sources, while tech companies became the predominant beneficiaries of the digital advertising market. In response, media advocates have been pushing bills that would force the Silicon Valley giants to share more of their revenue with publishers, arguing that the companies are benefiting from the content that news companies pay to produce. Tech companies oppose such proposals, saying they fail to take into account the value their platforms provide to the news companies by distributing their content.\n\nThe California bill calls for large tech companies to pay a \"journalism usage fee\" whenever they run ads next to news content. The bill also would require publishers to spend the majority of the money they receive through the law to hire and retain journalists. In fact, the bill is sponsored by State Assembly member Buffy Wicks, who has proposed a number of bills targeting the tech giants. \"This threat from Meta is a scare tactic that they\'ve tried to use, unsuccessfully, in every country that\'s attempted this,\" Wicks said.\n\nMeta spokesman Andy Stone said the bill would primarily benefit out-of-state media companies \"under the guise of aiding California publishers\". \"The bill fails to recognize that publishers and broadcasters put their content on our platform themselves and that substantial consolidation in California\'s local news industry came over 15 years ago, well before Facebook was widely used,\" Stone wrote.\n\n\"The bigger picture here is that a ban on publisher content would be a lose-lose situation for Facebook and for publishers,\" said Jasmine Enberg, an analyst who covers social media for an analytics firm. \"Despite what Meta says, news does generate a ton of engagement for Facebook in particular, which brings in ad dollars.\"\n\nThe bill has cleared two key state committee votes, and a vote on the measure in the Assembly is expected Thursday, Wicks\'s office said. If California enacts the law and Meta follows through on its threat, it would mark the first time the company has blocked news content in the United States.','45757d16-02b8-4e6f-a9db-5cdc6689286a','2026-06-14 14:11:49',NULL,NULL),('8bf3c806-e659-4914-8445-726702b65760','2.Climate Change Threatens Australia as Voters Seek Change','Whenever he flies out of Melbourne, Steve Stefanopoulos gets a view of dying grass. This worries him, the mayor of an affluent eastern suburb. In a federal election on May 18th, he wants someone “to stand up and do something about the environment”. The vast majority of voters in his constituency, Higgins, agree. Lots of youngsters have moved in, and frustration at the government’s failure to cut emissions of greenhouse gases is running high.\n\nFew rich countries are as severely affected by climate change as Australia. Since the last federal vote, warming waters have killed much of the Great Barrier Reef. A million native fish washed up dead in the Darling river, part of Australia’s longest river system, which is drying out. Flooding in northern Queensland killed several people and half a million cattle. Fires ripped through the southern island of Tasmania, destroying ancient forests. Even conservative farmers are increasingly inclined to attribute these horrors to man-made climate change. Neil Westcott grows wheat and barley on a property of 25 square kilometres in New South Wales. Over the past 30 years, he has watched annual rainfall drop by four inches.\n\nOne recent poll found that over 60% of voters believe that climate change presents a “critical threat” to Australia. They believe that coal is the fuel that causes the most pollution. Most of the country’s power is still generated by the stuff. Relative to its population, Australia produces more emissions than almost any other rich economy.\n\nHowever, Scott Morrison, the prime minister of Australia, criticizes the Labor Party for promising to provide subsidies to renewables, which it wants to see producing half of Australia’s electricity by 2030, and to tighten vehicle-emissions standards, to speed the uptake of electric cars. He thinks this will hurt the economy.\n\nYoung voters tend to care more about climate change than their parents. “We’ve not been listened to,” says Anthony James, an 18-year-old voting in the suburbs of Melbourne. Many environmentalists are frustrated by the limits even of Labor’s policy. It hopes to win seats in resource-dependent parts of Queensland, and so has not committed to phasing out coal-mining, they complain. In particular, it has approved a vast new mine that Adani, an Indian enterprise group, wants to open in outback Queensland.\n\nAustralia’s political system makes it tough for any candidate to get elected. The real question is which of the candidates could provide a viable approach to climate-change.','45757d16-02b8-4e6f-a9db-5cdc6689286a','2026-06-14 14:10:13',NULL,NULL),('9b814544-1fde-479f-9dbc-baa06945a403','31.Charging electric cars','Charging electric cars\n\nPlugging the gap\n\nTens of millions of electric cars will soon need charging. Here\'s how to do it.\n\nTake the wheel of an electric vehicle(EV) and prepare to be astounded. The smooth, instant acceleration of battery power makes driving easy and exciting. The latest technology is there, with tablet-like screens instead of old-fashioned switches. Add falling prices which make owning and running many EVs as cheap as fossil-fuel alternatives, and the open road beckons.\n\nExcept when you look under those sleek exteriors. The tangle of cables in the boot is a reminder of the need to plug in and recharge cars roughly every 250 miles(400km). And when you do find a public charging point, it is sometimes damaged or inaccessible. Little wonder that one of the main reasons drivers give for not buying an EV is“range anxiety”.\n\nA society-wide switch from hydrocarbons to electrons is required if the world is to stand a chance of reaching its net-zero emissions targets. However as EVs become more common, the charging problem will become more severe. Today\'s mostly wealthy owners can often plug in their EV at home or at work. But many less-well-off EV drivers will not have a drive in front of their house or a space in the executive car park.\n\nBy 2040 around 60% of all charging will need to take place away from home, requiring a vast public network of charging stations. At the end of 2020 the world had just 1.3m of these public chargers. By some estimates, to meet net- zero emissions goals by 2050 will require 200m of the things.\n\nWho might install them? Drivers will need a mix of fast“long-distance” chargers installed near motorways that can rapidly add hundreds of miles to battery ranges and slower\"top-up\" chargers available at kerbsides or in the car parks of shopping centres,restaurants and so on. The private sector, sensing an opportunity to make some money from surging EV ownership, is already showing an interest. Dedicated charging firms and carmakers are investing in infrastructure. Oil companies, with Shell to the fore,are putting chargers in petrol stations and buying charging companies. Utilities, which have plenty of electricity to sell, are also starting to sniff around.\n\nYet the charging business suffers from big problems. One is how to co-ordinate between the owners of charging points, the owners of the sites where they will be installed, planning authorities and grid firms. Another is the cost. According to one estimate, the bill for the chargers needed to reach net-zero by 2050 will be$1.6trn. To start with, profits may be elusive because the networks will not at first be heavily used. A related risk is that the coverage will have gaps. California is a choice spot for installing chargers, but is anyone keen on investing in Nebraska?And then there is the question of competing networks.Drivers should be able to switch from one to the other without the hassle of having to sign up to them all.\n\nWhat to do? Governments are experimenting.As well as subsidising EV sales many are throwing cash at public chargers. America\'s infrastructure law sets aside$7.5bn to create 500,000 public stations by 2030. Britain plans to require new buildings to install chargers. Yet the sums are puny and the problems of co-ordination, coverage and convenience will remain.\n\nGovernments should learn from telecoms. Most countries auction or issue a limited number of licences or spectrum rights to firms to run regional and national mobile networks. In return the firms have to build networks according to a schedule, offer universal coverage and compete with each other.Regulators set rules to allow roaming between them.\n\nThis approach has its flaws. Poorly designed auctions in Europe left firms with too much debt, and competition has become less intense in America. But in the past two decades the world has marshalled over$4trn of spending on telecoms infrastructure. And the mobile phone has turned from a shiny object for rich people into something in everyone\'s pocket. The bright sparks running climate policy should take note.','d53ea528-9df2-49fb-8e20-213a4f275dea','2026-06-04 14:23:40',NULL,NULL),('a4422355-3036-4508-a2d7-7c4036152601','8.UK Two-Child Benefit Limit Hits 600,000 Children','Campaigners have called for the government to scrap the \"nasty\" two-child limit on benefits after the latest official figures showed that nearly 600,000 children were affected by the policy.\n\nAlthough the limit was promoted as a way to persuade people into work, statistics from the Department for Work and Pensions published yesterday showed those most affected were working families. The limit means the child allowance in universal credit and tax credits – worth £2,780 a year – is paid only for the first two children in a family. It does not affect children born before April 2017. Ministers promoted the policy as a way to make households take responsibility, by teaching them that \"children cost money\" and discouraging parents from having a third child. Some parents said they had considered having terminations when they discovered the policy after getting pregnant.\n\nAlison Garnham, of the Child Poverty Action Group (CPAG), said: \"Every child deserves a good start in life, but today\'s figures are a grim reminder of the human cost of this nasty policy, which says that some children are more deserving than others purely on the basis of their birth order – and which mostly affects working families. In the UK we would never turn a third-born child away from school or hospital. How can it be right to deny the same young children the support they need to enjoy a childhood free from poverty when their family falls on hard times?\"\n\nThere is concern that the policy will exacerbate a dramatic rise in families with at least three children moving into poverty since 2014 – a nine percentage point increase that has yet to take into account the effect of the two-child policy. According to CPAG, it will plunge about 300,000 more families into poverty by 2024, by which time 1.8 million children will be affected.\n\nIn a letter to The Timesyesterday, 109 social policy academics said the policy was \"quite simply one of the most damaging changes to the social security system ever\". It had delivered \"unprecedented cuts to the living standards of the poorest children in Britain\". Alison Thewliss, a Scottish National party MP, said: \"Across the UK, the majority of those who have been affected by the two-child limit are in work and receiving low income, highlighting the inaccuracy of the UK government\'s position of pitting working people against those on benefits.\"\n\nA government spokesperson said: \"This policy ensures fairness by asking families receiving benefits to face the same financial choices as families supporting themselves solely through work. Safeguards are in place and we\'ve made changes this year to make the policy fairer.\"','45757d16-02b8-4e6f-a9db-5cdc6689286a','2026-06-22 14:06:33',NULL,NULL),('aaf4c013-5f85-4627-88c1-47ccbd597728','10.Fake News Sites Used to Burnish Online Reputations, Investigation Finds','They look at first glance like ordinary news outlets serving up headlines from around the world. The hundreds of websites, seemingly unconnected to one another, come in six languages and purport to cover far-flung cities such as Paris, London and Chicago. But beneath the surface, the sites have something in common: They host frothy stories about clients of a little-known reputation-management company that promises to remake the online images of its customers.\n\nThe network of fake news sites is one part of a complex apparatus the Spain-based firm Eliminalia uses to manipulate online information on behalf of a global list of clients, an investigation by The Washington Postfound. The firm employs very elaborate, deceptive tactics to remove unflattering news stories and other content. It also sent the legal notices under made-up company names. To accomplish this, it exploited a glitch in the websites of dozens of U.S. government agencies and universities, including Stanford University, to make the fake news sites appear more legitimate to search engine algorithms, the review revealed. It had close to 1,500 clients over six years, including businesses, minor celebrities, and suspected or convicted criminals.\n\nThe investigation, based on nearly 50,000 internal company records, shows that the firm made millions of dollars by selling these disinformation services. And it illuminates a shadowy corner of the online reputation-management industry – a sector that, at its extreme, relies on subterfuge to alter the digital landscape, experts said.\n\n\"It\'s hugely significant that this stuff is happening,\" Adam Holland, a project manager at Harvard University\'s Berkman Klein Center for the Internet and Society, said, \"This is information warfare.\" But, Eliminalia and its founder, 30-year-old Diego Sánchez of Spain, did not respond to detailed questions for this story. Lawyers representing Eliminalia said the company would not provide answers to the questions, in part because the inquiries concern \"business secrecy or a request for information on customers about whom our client could not in any case answer\".\n\nHowever, some experts say although measuring the industry is difficult, dozens of firms with names such as Reputation Defense Network, Guaranteed Removals and Reputation Resolutions advertise online-content-removal services. But few provide details about their methods. Such companies are often called \"black hat\" firms because they use deceptive or legally dubious tactics. Cutts, formerly a top engineer at Google and administrator of the U.S. Digital Service and other experts said they would put Eliminalia in that group.','45757d16-02b8-4e6f-a9db-5cdc6689286a','2026-06-22 14:11:47',NULL,NULL),('ad91dfab-3982-49fe-96d9-912440cc6cc2','9.Fewer veterans serve in Congress','For twenty years Elaine Luria sailed the seas with America\'s navy, rising to the rank of commander. In January 2019, two years after retiring, she entered the House of Representatives as a member for Virginia\'s 2nd district, one of 96 ex-servicemen and -women in the 116th Congress. Veterans like Ms. Luria remain over-represented in politics – they make up 7% of the adult population but nearly three times that share of Congress – but their numbers have dwindled over the years. That reflects electoral attitudes to military service that are more ambivalent than America\'s esteem for veterans might suggest.\n\nFor much of American history, soldiers have dominated the country\'s legislative branch. The first Congress, in 1789, was stacked with veterans of the revolutionary war: almost three in five of its members had fought in that conflict or previous ones. In the 20th century, a steady succession of wars in Europe, Korea and Vietnam, fueled by a national draft, supplied an even larger stream of lawmakers with military experience. Between 1965 and 1975, seven out of every ten members of both houses were veterans, rising to four-fifths of the Senate in the latter year.\n\nTheir ranks have thinned ever since. Veterans lost their majority status in the House at the turn of the 1990s and in the Senate a decade later. Today 18% of the House and 19% of the Senate have done military service. Veterans are now comfortably outnumbered by lawyers, bankers and business folk, having once dwarfed them. The obvious explanation for this reversal of fortunes is that, with the end of the draft in 1973 and a shrinking army, there are fewer veterans to elect. There were over 26m of them in 2000 (13% of the adult population); now there are 18m (7% of the adult population). But their share of seats in Congress has fallen even faster than their share of the population.\n\nPart of the answer is that women, who entered Congress in growing numbers from the late 1980s, are under-represented in the armed forces, making up just 16.5% of the army. Another factor is that the cost of a campaign has spiraled over the years, says Rebecca Burgess of the American Enterprise Institute, a think-tank. And because today\'s soldiers and sailors tend to run for office more quickly after leaving service than their counterparts who served in Vietnam, this can leave them with weaker networks. Though Ms. Luria represents a navy-dominated district of Virginia in which she put down roots 20 years ago, she points out that many of her globetrotting peers might find it harder to feel the call of service to a particular community.','45757d16-02b8-4e6f-a9db-5cdc6689286a','2026-06-22 14:10:31',NULL,NULL),('e58b0adb-8e03-482d-907a-78fcb1fbea03','26.Across the age gap Activism shrinks generation differences','Across the age gap Activism shrinks generation differences\n\nUnexpected friendships spanning four-and sometimes five- generations have sprung up between volunteers engaged in\"crisis campaigning\" during the pandemic. Experts said the unusual bonding between those in their 60s and older, and those in their early 20 s and younger, has been partly galvanised by the enforced separation of the generations in lockdown, leading the age groups to value each other in a new way.\n\nSam Mountfield, 12, and Tony Openshaw, 66,from Greater Manchester, began working together on educational issues in the pandemic as part of the This Is What An Activist Looks Like campaign.\"Tony has campaigned for so many things in his life and it is inspirational,\" said Sam.\"I have learned a lot from him, especially about not giving up if you really care about something.\" Openshaw said:\"Young people and older people are two sets of people who are often stereotyped and ignored, but it is fantastic to work alongside young people like Sam and share a passion for change.\"\n\nSeven-year-old Cecilia Allison was inspired by volunteering alongside 66-year-old Chris Barnes to develop the lane where she lives in Manchester into a public garden.\"I love all the different plants in Chris\'s garden,\" she said.\"I like learning from older people like Chris who know lots of things.\" Barnes said Cecilia\"reminds me that you should never stop learning\".\"She takes my breath away on a regular basis with her questions,\" he added.Ruth Leonard,chair of the Association of Volunteer Managers and head of volunteering development at Macmillan Cancer Support, said the two groups could be bonding because both felt dis franchised by the government\'s response to Covid.\"The pandemic has presented these age groups with very specific challenges and they feel they\'ve been left alone to deal with those,\" she said.\n\nThe UK Civil Society Almanac 2021 found that during the pandemic, those volunteering at least once a month were most likely to be 18 to 24 or 65 and over.\n\nBecki Meakin, the general manager of the charity Shaping Our Lives, said a change in volunteering patterns had led to the generations mixing more than in usual times.\"Some older people stepped back slightly from their volunteering roles during the pandemic and younger people stepped up,\" she said.\"The two age groups found themselves working together and friendships grew from there.\"\n\nEve Taylor, 17, from Brighton met 72-year-old Hazel Mason at the start of the pandemic after Mason set up a Zoom group, The Listening Space, for different generations to talk.\"We wanted to offer ourselves as listening ears to younger people,\"said Mason.\"Intergenerational ideas broaden the mind and the friendship that has grown up between Eve and myself helps keep me young.\" Eve, who revels in their different life experiences, said:\"I\'ve learned so much from Hazel.\"\n\nCosmo Lupton, 21, and Bob Illingworth, 74, met while campaigning for the Lib Dems in Cambridge.\"It’s fascinating to talk to Bob about campaigning for gay rights decades before I was even born,\" said Lupton.\"It has made me think about things I take for granted.\" Illingworth said he was constantly learning from Lupton.\"It’s the enthusiasm that comes from youth that I\'d forgotten.\"\n\nOska Shaw, 24, and Anita Bennett, 65-plus,became friends during the campaign to save the M32 maple trees in Bristol in 2019.\"Anita’s friendship has given me a supportive, calm space to gather myself together in,\" said Shaw. Bennett said:\" Young people haven\'t learned to be afraid of things and that brings with it a kind of wisdom.\"','d53ea528-9df2-49fb-8e20-213a4f275dea','2026-06-07 07:02:20',NULL,NULL),('e69aa028-0dab-400c-9fd7-1ec1ad8395c1','29.SouthEast Asia:On the rails','SouthEast Asia:On the rails\nThe economics of a new train line\nIn the late 1860s, French sailors who had set off from Saigon to find the source of the Mekong river encountered the precipitous Khone Falls between Laos and Cambodia, and realised that the waters would be impassable for larger trading vessels. Their dreams of reaching the riches of southern China by river were dashed. Quixotic plans for rail networks followed, first from British and French imperialists,and then from the Association of South-East Asian Nations(ASEAN), which in 1995 outlined its ambition to connect Singapore with Kunming, in China\'s Yunnan province.\nOn December 3rd, at long last, a portion of those aspirations was realised. A high-speed rail line connecting Kunming to Vientiane, the capital of Laos,was opened after five years of construction. The route is part of China\'s Belt and Road Initiative, and the completed section comes with a hefty price tag of$5.9bn-equivalent to nearly a third of Laos\'s annual GDP before the pandemic.\nFor China, the rationale for closer links with South-East Asia is clear. Rising factory wages at home make the case for moving low-complexity manufacturing to cheaper nearby locations. In 2019 Vietnam was China\'s fourth-largest trading partner for intermediate goods, between America and India, and up from 15th place a decade ago. China\'s intermediate-goods trade with Cambodia and Laos has risen nine- and 11-fold, respectively, in the same time.\nThe strategy has historical precedent. Until the 1970s Japanese firms\' main interest in South-East Asia was buying raw materials. Then they began moving production to the region. The shift took off after the Plaza Accord of 1985, at which Japan agreed to let the yen appreciate, which widened the gap between domestic wages and those in low-cost countries. Firms were able to preserve their competitive advantage by moving, while also fostering technological expertise elsewhere.\nWhat does the new train line mean for Laos?The landlocked country suffers most from South-East Asia\'s limited connectivity. The World Bank has been cautiously optimistic about the new route: Vientiane,it reckons, could become a logistical hub into China from Thai ports, but only if the Lao customs system were made more efficient and connecting roads improved. Although Laos has a land border with Yunnan and no coastline, as recently as 2016 almost two-thirds of its exports to China were transported via maritime routes.\nA wider network across the region would yield greater economic benefits for everyone, but that is outside any one country\'s control. Thailand approved the first step of a Chinese-built high-speed line in March; it is intended to reach the Lao border at a later stage. Even the first half is not expected to be completed for five years, however, and such schemes often miss their deadline, if they materialise at all.The Malaysian government is studying a high-speed link to Bangkok, but serious discussion has barely begun. Until those longer-term benefits arrive, Laos may mainly be stuck with the bill.','d53ea528-9df2-49fb-8e20-213a4f275dea','2026-06-06 03:42:18',NULL,NULL),('e811a714-2c70-4751-aab9-e9fa17483474','30.Ride-hailing in London: Cost drivers','Ride-hailing in London: Cost drivers\nA court bashes Uber into compliance again\nUber brought this latest judgment on itself. During the Supreme Court hearing the presiding judge had suggested that the firm might be contravening regulations governing private-hire vehicles in London. Uber asked the High Court to declare that this was not the case. Instead it agreed and said that the rules required Uber, not drivers, to enter into contractual agreements with passengers. transport for London, the capital\'s transport regulator, instructed all ride-hailing operators to step into line.\nThe change probably means Uber is liable for anything that goes wrong, such as no-shows, and that it is eligible for value-added tax on fares. This may be collected retroactively. Some estimates put the potential bill as high as  £2 bn (\\$2.6 bn). rides look likely to become 20% dearer.\nUber\'s position in London was already shaky. In its early days it subsidised fares with venture-capital cash in order to dominate the new market. The same tactic bore fruit in America, where Uber and Lyft form a duopoly, but in London Uber is just one of many ride-hailing services, including Free Now, Bolt and Ola, and must also compete against black cabs and an extensive public-transport network. It does not always measure up. Drivers complain that Bolt, an Estonian Uber clone, pays better; customers, that the licensed black cabs that Free Now hails often arrive faster.\nThis created a negative feedback loop. Fewer available rides meant passengers were less likely to use Uber, which made it even less attractive to drivers. Then came the pandemic, which both reduced demand for rides and provided new ways to make money behind the wheel, delivering meals and packages to locked-down homes. As Britain reopened, the result was a shortage of drivers. In November Uber raised fares by 10% to try to lure them back.\nThe firm is likely to keep muddling through in London; stepping away from one of its largest markets would send an extremely negative signal to investors. But for London\'s 2m Uber riders, the future will be pricier and slower. The days of cheap rides and two-minute pickup times are gone, along with the venture capital that paid for them. For London\'s 45,000 Uber drivers, the future is harder to predict. The courts have ruled in their favour, but Uber\'s profitability depends on slashing costs - of which they are the biggest.','d53ea528-9df2-49fb-8e20-213a4f275dea','2026-06-05 14:58:01',NULL,NULL),('f46d30fc-c3fa-411c-b0f0-483f406414a9','4.UK Unveils Tough New Laws to Tackle Online Harms','Laws to tackle the streaming of child abuse, extremism, terrorist attacks and cyber bullying by social media companies have been welcomed by senior police and children’s charities.\n\nLaunched today, the online harms white paper outlines what the government says are tough new laws for internet companies and the ability to enforce them. The white paper, first revealed in full by The Guardian last week, will legislate for a new statutory duty of care by social media companies and the appointment of an independent regulator, likely to be funded through a levy on the companies. The “harms” that companies could be penalised for also include failure to act on revenge pornography and self-harm and the spreading of fake news. Senior executives could be held personally liable for failure to remove such content from their platforms. Reports of child abuse online have soared from 110,000 in 2004 to 18.4m last year.\n\nRob Jones, director of the National Crime Agency, welcomed the white paper. “Industry does some great work but it has lots more to do and the technology already exists to design-out a lot of preventable offending,” he said. “Industry must block abuse images upon detection and prevent online grooming; it must work with us to stop live-streaming of child abuse; it must be more open and share best practice. And abuse sites must no longer be supported by advertising.”\n\nJaved Khan, chief executive of Barnardo’s, said two-thirds of vulnerable children supported through the charity’s child exploitation services were groomed online. “Children in the UK are facing growing risks online – from cyber bullying to sexual grooming to gaming addiction. The government’s announcement today is a very important step in the right direction.”\n\nIn a foreword, the home secretary, Sajid Javid, and the secretary of state for culture, media and sport, Jeremy Wright, say it is time to move beyond self-regulation. “Tech can be an incredible force for good and we want the sector to be part of the solution in protecting their users,” said Wright. “However those that fail to do this will face tough action.” The death of 14-year-old Molly Russell in 2017 has had a strong impact on the white paper. Her father launched a passionate campaign earlier this year to highlight the fact that self-harm and suicide were widely promoted on Instagram, a fact that he felt contributed to her taking her life.\n\nThe white paper comes after the Australian government passed tough new legislation this month to tackle the streaming of violent images on social media.','45757d16-02b8-4e6f-a9db-5cdc6689286a','2026-06-15 12:02:20',NULL,NULL);
/*!40000 ALTER TABLE `articles` ENABLE KEYS */;
UNLOCK TABLES;

--
-- Table structure for table `canvas_strokes`
--

DROP TABLE IF EXISTS `canvas_strokes`;
/*!40101 SET @saved_cs_client     = @@character_set_client */;
/*!50503 SET character_set_client = utf8mb4 */;
CREATE TABLE `canvas_strokes` (
  `article_id` varchar(64) CHARACTER SET utf8mb4 COLLATE utf8mb4_unicode_ci NOT NULL,
  `strokes_data` json NOT NULL,
  `updated_at` timestamp NULL DEFAULT CURRENT_TIMESTAMP ON UPDATE CURRENT_TIMESTAMP,
  PRIMARY KEY (`article_id`)
) ENGINE=InnoDB DEFAULT CHARSET=utf8mb4 COLLATE=utf8mb4_unicode_ci;
/*!40101 SET character_set_client = @saved_cs_client */;

--
-- Dumping data for table `canvas_strokes`
--

LOCK TABLES `canvas_strokes` WRITE;
/*!40000 ALTER TABLE `canvas_strokes` DISABLE KEYS */;
INSERT INTO `canvas_strokes` VALUES ('07f5063f-4334-48fd-aa10-b3fa76fc0208','[]','2026-06-15 12:09:34'),('23704ad4-3843-455b-83e7-03609e8c462f','[]','2026-06-20 04:13:21'),('28a47018-d8d7-46d2-a276-6bf7447c46f8','[]','2026-06-22 14:29:33'),('32e7d9cc-eb1b-4cdc-bbdb-c4e9031dc17e','[]','2026-06-14 09:14:30'),('49ae9511-cd1a-4e49-a72d-e08133244dd5','[]','2026-06-14 08:33:18'),('663cc1c5-4d01-4707-9951-c04b4d75a1c9','[]','2026-06-14 14:45:40'),('72647542-2630-4c45-a150-7460ed01ca5b','[]','2026-06-17 13:23:23'),('7b0c57cf-f27a-4adb-8c95-6a8f29fd6d4f','[]','2026-06-16 14:35:58'),('8bf3c806-e659-4914-8445-726702b65760','[]','2026-06-14 15:17:38'),('9b814544-1fde-479f-9dbc-baa06945a403','[]','2026-06-13 14:33:04'),('e58b0adb-8e03-482d-907a-78fcb1fbea03','[]','2026-06-14 08:14:39'),('e69aa028-0dab-400c-9fd7-1ec1ad8395c1','[]','2026-06-13 14:33:06'),('e811a714-2c70-4751-aab9-e9fa17483474','[]','2026-06-14 04:32:13'),('f46d30fc-c3fa-411c-b0f0-483f406414a9','[]','2026-06-19 06:08:46');
/*!40000 ALTER TABLE `canvas_strokes` ENABLE KEYS */;
UNLOCK TABLES;

--
-- Table structure for table `favorites`
--

DROP TABLE IF EXISTS `favorites`;
/*!40101 SET @saved_cs_client     = @@character_set_client */;
/*!50503 SET character_set_client = utf8mb4 */;
CREATE TABLE `favorites` (
  `article_id` varchar(64) CHARACTER SET utf8mb4 COLLATE utf8mb4_unicode_ci NOT NULL,
  `created_at` timestamp NULL DEFAULT CURRENT_TIMESTAMP,
  PRIMARY KEY (`article_id`),
  CONSTRAINT `favorites_ibfk_1` FOREIGN KEY (`article_id`) REFERENCES `articles` (`id`) ON DELETE CASCADE
) ENGINE=InnoDB DEFAULT CHARSET=utf8mb4 COLLATE=utf8mb4_unicode_ci;
/*!40101 SET character_set_client = @saved_cs_client */;

--
-- Dumping data for table `favorites`
--

LOCK TABLES `favorites` WRITE;
/*!40000 ALTER TABLE `favorites` DISABLE KEYS */;
INSERT INTO `favorites` VALUES ('e811a714-2c70-4751-aab9-e9fa17483474','2026-06-19 04:01:12');
/*!40000 ALTER TABLE `favorites` ENABLE KEYS */;
UNLOCK TABLES;

--
-- Table structure for table `folders`
--

DROP TABLE IF EXISTS `folders`;
/*!40101 SET @saved_cs_client     = @@character_set_client */;
/*!50503 SET character_set_client = utf8mb4 */;
CREATE TABLE `folders` (
  `id` varchar(64) CHARACTER SET utf8mb4 COLLATE utf8mb4_unicode_ci NOT NULL,
  `name` varchar(255) CHARACTER SET utf8mb4 COLLATE utf8mb4_unicode_ci NOT NULL,
  `parent_id` varchar(64) CHARACTER SET utf8mb4 COLLATE utf8mb4_unicode_ci DEFAULT NULL,
  `created_at` timestamp NULL DEFAULT CURRENT_TIMESTAMP,
  `deleted_at` timestamp NULL DEFAULT NULL,
  PRIMARY KEY (`id`)
) ENGINE=InnoDB DEFAULT CHARSET=utf8mb4 COLLATE=utf8mb4_unicode_ci;
/*!40101 SET character_set_client = @saved_cs_client */;

--
-- Dumping data for table `folders`
--

LOCK TABLES `folders` WRITE;
/*!40000 ALTER TABLE `folders` DISABLE KEYS */;
INSERT INTO `folders` VALUES ('18adb41a-041a-46b8-b687-465b774389cb','2021.11','8995e81e-6506-4c16-b0f7-c109c52ea4f6','2026-06-04 13:41:06',NULL),('32b46eb4-6f76-4401-ac8e-b51588987e7e','经济学人-日刊',NULL,'2026-06-04 13:20:27',NULL),('45757d16-02b8-4e6f-a9db-5cdc6689286a','考研英语真题题源阅读','8da188f9-c268-4931-b1e7-8c705a0e104c','2026-06-14 14:07:47',NULL),('45f0aa90-36df-470f-bd52-ed70b3924974','2023','32b46eb4-6f76-4401-ac8e-b51588987e7e','2026-06-04 13:35:08',NULL),('50baaf42-e49f-4d73-ab3c-cc487d53b143','2026','32b46eb4-6f76-4401-ac8e-b51588987e7e','2026-06-04 13:35:18',NULL),('53e1c8c7-d6a0-480f-9ebd-02f2dc21b280','2021.10','8995e81e-6506-4c16-b0f7-c109c52ea4f6','2026-06-04 13:41:14',NULL),('66831452-3fa2-4404-8983-79973bb56319','2025','32b46eb4-6f76-4401-ac8e-b51588987e7e','2026-06-04 13:35:15',NULL),('6752dbc2-07e6-4bf9-9fe3-cf48740f1adb','2021.09','8995e81e-6506-4c16-b0f7-c109c52ea4f6','2026-06-04 13:41:52',NULL),('8995e81e-6506-4c16-b0f7-c109c52ea4f6','2021','32b46eb4-6f76-4401-ac8e-b51588987e7e','2026-06-04 13:34:50',NULL),('8da188f9-c268-4931-b1e7-8c705a0e104c','其他阅读',NULL,'2026-06-14 14:07:32',NULL),('94eef85d-4319-4269-bde9-bc7f9094defb','经济学人-周刊',NULL,'2026-06-04 13:21:18',NULL),('95b9ce32-304a-4d7b-9b07-8a8af216dad2','2022','32b46eb4-6f76-4401-ac8e-b51588987e7e','2026-06-04 13:35:05',NULL),('d53ea528-9df2-49fb-8e20-213a4f275dea','2021.12','8995e81e-6506-4c16-b0f7-c109c52ea4f6','2026-06-04 13:42:42',NULL),('f0389ebd-dce2-4d7a-b0c8-77a6403546b3','科学美国人',NULL,'2026-06-04 13:21:27',NULL),('ffa15f54-bf7e-4ed9-80c2-a7a266b8df6e','2024','32b46eb4-6f76-4401-ac8e-b51588987e7e','2026-06-04 13:35:11',NULL);
/*!40000 ALTER TABLE `folders` ENABLE KEYS */;
UNLOCK TABLES;
/*!40103 SET TIME_ZONE=@OLD_TIME_ZONE */;

/*!40101 SET SQL_MODE=@OLD_SQL_MODE */;
/*!40014 SET FOREIGN_KEY_CHECKS=@OLD_FOREIGN_KEY_CHECKS */;
/*!40014 SET UNIQUE_CHECKS=@OLD_UNIQUE_CHECKS */;
/*!40101 SET CHARACTER_SET_CLIENT=@OLD_CHARACTER_SET_CLIENT */;
/*!40101 SET CHARACTER_SET_RESULTS=@OLD_CHARACTER_SET_RESULTS */;
/*!40101 SET COLLATION_CONNECTION=@OLD_COLLATION_CONNECTION */;
/*!40111 SET SQL_NOTES=@OLD_SQL_NOTES */;

-- Dump completed on 2026-06-22 22:58:34
